{
  "token_acc":0.9992229695,
  "token_p":0.9915293069,
  "token_r":0.9935875565,
  "token_f":0.9925573647,
  "tag_acc":0.9230118497,
  "pos_acc":0.9489991525,
  "morph_acc":0.8260505972,
  "morph_micro_p":0.9020717803,
  "morph_micro_r":0.9126192427,
  "morph_micro_f":0.9073148592,
  "morph_per_feat":{
    "Gender":{
      "p":0.7867016375,
      "r":0.834247914,
      "f":0.8097774535
    },
    "Number":{
      "p":0.8704944123,
      "r":0.8910011994,
      "f":0.880628439
    },
    "Person":{
      "p":0.9655668107,
      "r":0.9673753255,
      "f":0.9664702221
    },
    "AdpType":{
      "p":0.993505601,
      "r":0.9912575425,
      "f":0.9923802986
    },
    "Case":{
      "p":0.9104226186,
      "r":0.8980946072,
      "f":0.9042165951
    },
    "PronType":{
      "p":0.9853440763,
      "r":0.9821647017,
      "f":0.9837518202
    },
    "Mood":{
      "p":0.9539293173,
      "r":0.9231196005,
      "f":0.9382716049
    },
    "Tense":{
      "p":0.9139904024,
      "r":0.8866077823,
      "f":0.9000908816
    },
    "VerbForm":{
      "p":0.9067589793,
      "r":0.915403567,
      "f":0.9110607676
    },
    "Degree":{
      "p":0.9272697219,
      "r":0.859665926,
      "f":0.8921890221
    },
    "PunctType":{
      "p":0.991645185,
      "r":0.9446186227,
      "f":0.9675608305
    },
    "Aspect":{
      "p":0.8543767003,
      "r":0.889388639,
      "f":0.8715311786
    },
    "NumType":{
      "p":0.9588039867,
      "r":0.963027229,
      "f":0.9609109676
    },
    "ConjType":{
      "p":0.9766277129,
      "r":0.9507042254,
      "f":0.9634916278
    },
    "Variant":{
      "p":0.8949494949,
      "r":0.8449591281,
      "f":0.8692361598
    },
    "Polarity":{
      "p":0.9995117188,
      "r":0.9995117188,
      "f":0.9995117188
    },
    "Poss":{
      "p":0.9862068966,
      "r":0.9862068966,
      "f":0.9862068966
    },
    "Reflex":{
      "p":0.9951550388,
      "r":0.9785612196,
      "f":0.9867883738
    },
    "PartType":{
      "p":0.9646397885,
      "r":0.9407025459,
      "f":0.9525208027
    },
    "VerbType":{
      "p":0.9973924381,
      "r":0.9867784586,
      "f":0.9920570595
    },
    "Foreign":{
      "p":0.4048507463,
      "r":0.5028968714,
      "f":0.4485788114
    },
    "Hyph":{
      "p":0.95625,
      "r":0.8947368421,
      "f":0.9244712991
    },
    "Definite":{
      "p":0.0,
      "r":0.0,
      "f":0.0
    }
  },
  "lemma_acc":0.7486410401,
  "sents_p":0.7316068913,
  "sents_r":0.8071727436,
  "sents_f":0.7675343867,
  "dep_uas":0.8664723509,
  "dep_las":0.8274576838,
  "dep_las_per_type":{
    "root":{
      "p":0.795038106,
      "r":0.8788838432,
      "f":0.8348610835
    },
    "case":{
      "p":0.9574412703,
      "r":0.9609744946,
      "f":0.9592046288
    },
    "nmod":{
      "p":0.7404289544,
      "r":0.7931648478,
      "f":0.765890183
    },
    "amod":{
      "p":0.9044014578,
      "r":0.9330710939,
      "f":0.9185126132
    },
    "obl":{
      "p":0.7990667185,
      "r":0.7687045746,
      "f":0.7835916433
    },
    "det":{
      "p":0.970710043,
      "r":0.9716101233,
      "f":0.9711598746
    },
    "nsubj":{
      "p":0.8036128056,
      "r":0.8159208757,
      "f":0.8097200715
    },
    "obj":{
      "p":0.7580432272,
      "r":0.709739708,
      "f":0.7330966532
    },
    "acl":{
      "p":0.5945639864,
      "r":0.5489717672,
      "f":0.5708590069
    },
    "aux:pass":{
      "p":0.9207337046,
      "r":0.9159335288,
      "f":0.918327344
    },
    "mark":{
      "p":0.9195811518,
      "r":0.8979550102,
      "f":0.9086394206
    },
    "advcl":{
      "p":0.5705521472,
      "r":0.5215928211,
      "f":0.5449750952
    },
    "aux":{
      "p":0.9383794275,
      "r":0.930553328,
      "f":0.9344499919
    },
    "flat:name":{
      "p":0.7047911189,
      "r":0.7228464419,
      "f":0.7137046076
    },
    "parataxis":{
      "p":0.6454099509,
      "r":0.4232536765,
      "f":0.5112406328
    },
    "cc":{
      "p":0.8965208493,
      "r":0.8941191479,
      "f":0.8953183879
    },
    "nummod":{
      "p":0.9004605937,
      "r":0.9334217507,
      "f":0.9166449596
    },
    "conj":{
      "p":0.6689104722,
      "r":0.6370546753,
      "f":0.652594052
    },
    "advmod":{
      "p":0.8180710745,
      "r":0.8151946421,
      "f":0.8166303254
    },
    "nsubj:pass":{
      "p":0.8350402341,
      "r":0.8115890508,
      "f":0.8231476474
    },
    "xcomp":{
      "p":0.6462058966,
      "r":0.6082802548,
      "f":0.6266697914
    },
    "ccomp":{
      "p":0.545045045,
      "r":0.5883306321,
      "f":0.5658612627
    },
    "compound:prt":{
      "p":0.8987179487,
      "r":0.8580171359,
      "f":0.8778960551
    },
    "cop":{
      "p":0.7544461778,
      "r":0.7886497065,
      "f":0.7711688726
    },
    "appos":{
      "p":0.4530415302,
      "r":0.4352649007,
      "f":0.4439753441
    },
    "flat":{
      "p":0.4030501089,
      "r":0.5630434783,
      "f":0.4697986577
    },
    "csubj":{
      "p":0.6561181435,
      "r":0.5890151515,
      "f":0.620758483
    },
    "expl:pv":{
      "p":0.7084988086,
      "r":0.8668610301,
      "f":0.7797202797
    },
    "iobj":{
      "p":0.6684210526,
      "r":0.3572433193,
      "f":0.4656278643
    },
    "expl":{
      "p":0.5497737557,
      "r":0.6806722689,
      "f":0.6082603254
    },
    "csubj:pass":{
      "p":0.6440677966,
      "r":0.4367816092,
      "f":0.5205479452
    },
    "dep":{
      "p":0.0,
      "r":0.0,
      "f":0.0
    },
    "discourse":{
      "p":0.0,
      "r":0.0,
      "f":0.0
    }
  },
  "speed":2739.6913926203
}