{
  "token_acc":1.0,
  "token_p":0.9939969282,
  "token_r":0.9978022989,
  "token_f":0.9958959784,
  "tag_acc":0.984501802,
  "pos_acc":0.9848605114,
  "morph_acc":0.9409374315,
  "morph_micro_p":0.9799680117,
  "morph_micro_r":0.9796435076,
  "morph_micro_f":0.9798057328,
  "morph_per_feat":{
    "Mood":{
      "p":0.9991051628,
      "r":0.9989108449,
      "f":0.9990079944
    },
    "Number":{
      "p":0.9764736455,
      "r":0.9829519839,
      "f":0.9797021052
    },
    "Person":{
      "p":0.9985194316,
      "r":0.9982507082,
      "f":0.9983850518
    },
    "VerbForm":{
      "p":0.9963572854,
      "r":0.9974522929,
      "f":0.9969044885
    },
    "NumType":{
      "p":0.9885406599,
      "r":0.9967979953,
      "f":0.9926521558
    },
    "AdpType":{
      "p":0.9994831151,
      "r":0.9990241102,
      "f":0.9992535599
    },
    "Gender":{
      "p":0.9658880205,
      "r":0.9495242881,
      "f":0.9576362551
    },
    "PunctType":{
      "p":0.9994762616,
      "r":0.9994762616,
      "f":0.9994762616
    },
    "Case":{
      "p":0.9556646704,
      "r":0.9577602537,
      "f":0.9567113145
    },
    "PronType":{
      "p":0.9983707626,
      "r":0.9980381633,
      "f":0.9982044352
    },
    "Degree":{
      "p":0.9666796117,
      "r":0.9663418611,
      "f":0.9665107069
    },
    "Definite":{
      "p":1.0,
      "r":1.0,
      "f":1.0
    },
    "Poss":{
      "p":0.9994623656,
      "r":1.0,
      "f":0.9997311105
    },
    "Foreign":{
      "p":0.8368983957,
      "r":0.7624228646,
      "f":0.7979265806
    },
    "VerbType":{
      "p":0.9997955428,
      "r":1.0,
      "f":0.999897761
    },
    "Aspect":{
      "p":0.9815612614,
      "r":0.9914708442,
      "f":0.9864911673
    },
    "Tense":{
      "p":0.9443058695,
      "r":0.9792660254,
      "f":0.961468254
    },
    "Variant":{
      "p":0.9870184255,
      "r":0.9663796638,
      "f":0.9765900145
    },
    "ConjType":{
      "p":0.998015873,
      "r":0.9990069513,
      "f":0.9985111663
    },
    "Reflex":{
      "p":0.9995359629,
      "r":0.9986091794,
      "f":0.9990723562
    },
    "Hyph":{
      "p":0.9798994975,
      "r":0.9915254237,
      "f":0.9856781803
    },
    "Polarity":{
      "p":1.0,
      "r":1.0,
      "f":1.0
    },
    "PartType":{
      "p":0.9854093488,
      "r":0.9880791114,
      "f":0.9867424242
    }
  },
  "lemma_acc":0.9409632141,
  "sents_p":0.9923369565,
  "sents_r":0.9891651769,
  "sents_f":0.9907485282,
  "dep_uas":0.9691770778,
  "dep_las":0.9573804285,
  "dep_las_per_type":{
    "advmod":{
      "p":0.9238242694,
      "r":0.9222179289,
      "f":0.9230204003
    },
    "root":{
      "p":0.987834682,
      "r":0.9853729888,
      "f":0.9866022998
    },
    "nsubj":{
      "p":0.9773065476,
      "r":0.974271012,
      "f":0.975786419
    },
    "case":{
      "p":0.9946217381,
      "r":0.9946763261,
      "f":0.9946490313
    },
    "nummod":{
      "p":0.9892193309,
      "r":0.9830070188,
      "f":0.9861033908
    },
    "nmod":{
      "p":0.9258292235,
      "r":0.9239529048,
      "f":0.9248901125
    },
    "cc":{
      "p":0.9813837584,
      "r":0.9819595189,
      "f":0.9816715543
    },
    "conj":{
      "p":0.8904724498,
      "r":0.9007832898,
      "f":0.8955981941
    },
    "flat:name":{
      "p":0.8867047891,
      "r":0.9074615947,
      "f":0.8969631236
    },
    "det":{
      "p":0.9963367148,
      "r":0.9975633528,
      "f":0.9969496565
    },
    "amod":{
      "p":0.9942932397,
      "r":0.9918441075,
      "f":0.9930671636
    },
    "obl":{
      "p":0.9301834862,
      "r":0.934900876,
      "f":0.9325362152
    },
    "obj":{
      "p":0.9506402049,
      "r":0.9606650708,
      "f":0.9556263475
    },
    "appos":{
      "p":0.7677405311,
      "r":0.7589842909,
      "f":0.7633373012
    },
    "cop":{
      "p":0.9451585261,
      "r":0.9471876342,
      "f":0.9461719923
    },
    "acl":{
      "p":0.8109662577,
      "r":0.8100344696,
      "f":0.8105000958
    },
    "iobj":{
      "p":0.9216027875,
      "r":0.8950930626,
      "f":0.9081545064
    },
    "flat":{
      "p":0.8228125762,
      "r":0.7943529412,
      "f":0.8083323357
    },
    "det:poss":{
      "p":0.0,
      "r":0.0,
      "f":0.0
    },
    "nmod:poss":{
      "p":0.0,
      "r":0.0,
      "f":0.0
    },
    "parataxis":{
      "p":0.8965003723,
      "r":0.9162861492,
      "f":0.9062852842
    },
    "aux":{
      "p":0.9915492958,
      "r":0.9929478138,
      "f":0.992248062
    },
    "nsubj:pass":{
      "p":0.9674578867,
      "r":0.9886541471,
      "f":0.9779411765
    },
    "aux:pass":{
      "p":0.9802357836,
      "r":0.9905395936,
      "f":0.9853607529
    },
    "mark":{
      "p":0.9855376231,
      "r":0.9859509331,
      "f":0.9857442348
    },
    "advcl":{
      "p":0.8734246575,
      "r":0.8890128277,
      "f":0.8811498065
    },
    "csubj":{
      "p":0.939177102,
      "r":0.9083044983,
      "f":0.9234828496
    },
    "compound:prt":{
      "p":0.9692089057,
      "r":0.9817658349,
      "f":0.9754469607
    },
    "ccomp":{
      "p":0.880539499,
      "r":0.8765984655,
      "f":0.8785645626
    },
    "xcomp":{
      "p":0.9326647564,
      "r":0.9138979878,
      "f":0.923186008
    },
    "expl:pv":{
      "p":0.9663137632,
      "r":0.9462770971,
      "f":0.9561904762
    },
    "expl":{
      "p":0.9096573209,
      "r":0.954248366,
      "f":0.9314194577
    },
    "csubj:pass":{
      "p":0.9137931034,
      "r":0.9464285714,
      "f":0.9298245614
    },
    "dep":{
      "p":0.0,
      "r":0.0,
      "f":0.0
    },
    "reparandum":{
      "p":0.0,
      "r":0.0,
      "f":0.0
    },
    "discourse":{
      "p":0.0,
      "r":0.0,
      "f":0.0
    }
  },
  "speed":714.565854525
}