{
  "token_acc":1.0,
  "token_p":0.9939969282,
  "token_r":0.9978022989,
  "token_f":0.9958959784,
  "tag_acc":0.9841189576,
  "pos_acc":0.9846045403,
  "morph_acc":0.9391612142,
  "morph_micro_p":0.9797801012,
  "morph_micro_r":0.9787274413,
  "morph_micro_f":0.9792534883,
  "morph_per_feat":{
    "Mood":{
      "p":0.998909912,
      "r":0.9980550801,
      "f":0.9984823131
    },
    "Number":{
      "p":0.9763082747,
      "r":0.981888918,
      "f":0.9790906442
    },
    "Person":{
      "p":0.9984343119,
      "r":0.9980949008,
      "f":0.9982645775
    },
    "VerbForm":{
      "p":0.9961055496,
      "r":0.9966280348,
      "f":0.9963667237
    },
    "NumType":{
      "p":0.9856729577,
      "r":0.9961019073,
      "f":0.9908599917
    },
    "AdpType":{
      "p":0.9994830409,
      "r":0.998880597,
      "f":0.9991817281
    },
    "Gender":{
      "p":0.9652718252,
      "r":0.9496009472,
      "f":0.9573722628
    },
    "PunctType":{
      "p":0.9993453612,
      "r":0.9993977008,
      "f":0.9993715303
    },
    "Case":{
      "p":0.9552381836,
      "r":0.954362955,
      "f":0.9548003687
    },
    "PronType":{
      "p":0.9982221235,
      "r":0.9975939738,
      "f":0.9979079498
    },
    "Degree":{
      "p":0.9642069419,
      "r":0.9673512171,
      "f":0.9657765203
    },
    "Definite":{
      "p":0.9998152596,
      "r":0.9998152596,
      "f":0.9998152596
    },
    "Poss":{
      "p":0.9994623656,
      "r":1.0,
      "f":0.9997311105
    },
    "Foreign":{
      "p":0.8574643661,
      "r":0.742448847,
      "f":0.7958224543
    },
    "VerbType":{
      "p":0.999795501,
      "r":0.999795501,
      "f":0.999795501
    },
    "Aspect":{
      "p":0.9839128179,
      "r":0.990078329,
      "f":0.9869859448
    },
    "Tense":{
      "p":0.9426766495,
      "r":0.9770430846,
      "f":0.9595522566
    },
    "Variant":{
      "p":0.9844789357,
      "r":0.9708897089,
      "f":0.9776371018
    },
    "ConjType":{
      "p":0.9980148883,
      "r":0.998510427,
      "f":0.9982625962
    },
    "Reflex":{
      "p":0.9990723562,
      "r":0.9986091794,
      "f":0.9988407141
    },
    "Hyph":{
      "p":0.9814814815,
      "r":0.9881355932,
      "f":0.9847972973
    },
    "Polarity":{
      "p":1.0,
      "r":1.0,
      "f":1.0
    },
    "PartType":{
      "p":0.9867424242,
      "r":0.9880791114,
      "f":0.9874103154
    }
  },
  "lemma_acc":0.9387941162,
  "sents_p":0.9872950375,
  "sents_r":0.9851021182,
  "sents_f":0.9861973588,
  "dep_uas":0.9655365104,
  "dep_las":0.9524338298,
  "dep_las_per_type":{
    "advmod":{
      "p":0.919522869,
      "r":0.9174265842,
      "f":0.9184735305
    },
    "root":{
      "p":0.9842792866,
      "r":0.9836394171,
      "f":0.9839592478
    },
    "nsubj":{
      "p":0.9727745772,
      "r":0.9706550461,
      "f":0.9717136559
    },
    "case":{
      "p":0.9939636723,
      "r":0.9941000521,
      "f":0.9940318575
    },
    "nummod":{
      "p":0.9920029756,
      "r":0.9852234946,
      "f":0.9886016125
    },
    "nmod":{
      "p":0.9112341319,
      "r":0.9213472303,
      "f":0.9162627765
    },
    "cc":{
      "p":0.9778592375,
      "r":0.9781460839,
      "f":0.9780026397
    },
    "conj":{
      "p":0.8762387387,
      "r":0.8833011693,
      "f":0.8797557804
    },
    "flat:name":{
      "p":0.8874887489,
      "r":0.9016093636,
      "f":0.8944933321
    },
    "det":{
      "p":0.9957492574,
      "r":0.9973838104,
      "f":0.9965658637
    },
    "amod":{
      "p":0.9935278631,
      "r":0.9915156823,
      "f":0.9925207529
    },
    "obl":{
      "p":0.9284023943,
      "r":0.9224527432,
      "f":0.9254180061
    },
    "obj":{
      "p":0.9388626801,
      "r":0.9527722068,
      "f":0.9457663038
    },
    "appos":{
      "p":0.748133509,
      "r":0.7331611793,
      "f":0.740571677
    },
    "cop":{
      "p":0.9357173265,
      "r":0.9437526836,
      "f":0.9397178281
    },
    "acl":{
      "p":0.765883712,
      "r":0.7617770969,
      "f":0.7638248848
    },
    "iobj":{
      "p":0.9147424512,
      "r":0.8714043993,
      "f":0.8925476603
    },
    "flat":{
      "p":0.8128767784,
      "r":0.7931764706,
      "f":0.8029057997
    },
    "det:poss":{
      "p":0.0,
      "r":0.0,
      "f":0.0
    },
    "nmod:poss":{
      "p":0.0,
      "r":0.0,
      "f":0.0
    },
    "parataxis":{
      "p":0.8847583643,
      "r":0.9056316591,
      "f":0.8950733358
    },
    "aux":{
      "p":0.9904940735,
      "r":0.9920075223,
      "f":0.9912502202
    },
    "nsubj:pass":{
      "p":0.9636711281,
      "r":0.985915493,
      "f":0.9746664088
    },
    "aux:pass":{
      "p":0.9815972222,
      "r":0.9905395936,
      "f":0.9860481339
    },
    "mark":{
      "p":0.9838472834,
      "r":0.9834346823,
      "f":0.9836409396
    },
    "advcl":{
      "p":0.8389333333,
      "r":0.8773006135,
      "f":0.8576881134
    },
    "csubj":{
      "p":0.8989361702,
      "r":0.8771626298,
      "f":0.887915937
    },
    "compound:prt":{
      "p":0.962700661,
      "r":0.9784069098,
      "f":0.9704902427
    },
    "ccomp":{
      "p":0.8809683927,
      "r":0.8375959079,
      "f":0.858734841
    },
    "xcomp":{
      "p":0.9174710425,
      "r":0.8895648105,
      "f":0.9033024471
    },
    "expl:pv":{
      "p":0.9536679537,
      "r":0.931196984,
      "f":0.9422985217
    },
    "expl":{
      "p":0.8648648649,
      "r":0.9411764706,
      "f":0.9014084507
    },
    "csubj:pass":{
      "p":0.9322033898,
      "r":0.9821428571,
      "f":0.9565217391
    },
    "dep":{
      "p":0.0,
      "r":0.0,
      "f":0.0
    },
    "reparandum":{
      "p":0.0,
      "r":0.0,
      "f":0.0
    },
    "discourse":{
      "p":0.0,
      "r":0.0,
      "f":0.0
    }
  },
  "speed":1087.53876345
}