{
  "token_acc":1.0,
  "token_p":0.9939969282,
  "token_r":0.9978022989,
  "token_f":0.9958959784,
  "tag_acc":0.9672195185,
  "pos_acc":0.97380797,
  "morph_acc":0.8738617604,
  "morph_micro_p":0.9428861319,
  "morph_micro_r":0.9411518023,
  "morph_micro_f":0.9420181688,
  "morph_per_feat":{
    "Mood":{
      "p":0.9762257948,
      "r":0.9471759763,
      "f":0.9614815107
    },
    "Number":{
      "p":0.9297234259,
      "r":0.9362383049,
      "f":0.9329694923
    },
    "Person":{
      "p":0.9918097698,
      "r":0.9845538244,
      "f":0.9881684775
    },
    "VerbForm":{
      "p":0.9427585179,
      "r":0.9482216006,
      "f":0.9454821678
    },
    "NumType":{
      "p":0.9679079215,
      "r":0.9951273841,
      "f":0.9813289401
    },
    "AdpType":{
      "p":0.9975315729,
      "r":0.9975315729,
      "f":0.9975315729
    },
    "Gender":{
      "p":0.8749105347,
      "r":0.874619899,
      "f":0.8747651927
    },
    "PunctType":{
      "p":0.9980918525,
      "r":0.9999214392,
      "f":0.9990058082
    },
    "Case":{
      "p":0.9082187102,
      "r":0.9034034755,
      "f":0.9058046935
    },
    "PronType":{
      "p":0.9904346056,
      "r":0.9907645611,
      "f":0.9905995559
    },
    "Degree":{
      "p":0.9359257966,
      "r":0.936216468,
      "f":0.9360711097
    },
    "Definite":{
      "p":0.9996305191,
      "r":0.9996305191,
      "f":0.9996305191
    },
    "Poss":{
      "p":0.9989235737,
      "r":0.9983862292,
      "f":0.9986548292
    },
    "Foreign":{
      "p":0.8228893814,
      "r":0.6632023384,
      "f":0.734466325
    },
    "VerbType":{
      "p":0.9991823385,
      "r":0.999591002,
      "f":0.9993866285
    },
    "Aspect":{
      "p":0.8983860343,
      "r":0.9495213229,
      "f":0.9232461708
    },
    "Tense":{
      "p":0.9090617096,
      "r":0.9151240805,
      "f":0.9120828214
    },
    "Variant":{
      "p":0.9439396058,
      "r":0.9227825612,
      "f":0.9332411887
    },
    "ConjType":{
      "p":0.993414387,
      "r":0.9736842105,
      "f":0.9834503511
    },
    "Reflex":{
      "p":0.9995351,
      "r":0.996754752,
      "f":0.9981429898
    },
    "Hyph":{
      "p":0.9194847021,
      "r":0.9677966102,
      "f":0.9430222956
    },
    "Polarity":{
      "p":0.9994199536,
      "r":1.0,
      "f":0.9997098927
    },
    "PartType":{
      "p":0.9825581395,
      "r":0.9615280412,
      "f":0.9719293441
    }
  },
  "lemma_acc":0.9291784963,
  "sents_p":0.9550567904,
  "sents_r":0.9520559077,
  "sents_f":0.9535539881,
  "dep_uas":0.9328470725,
  "dep_las":0.9049123695,
  "dep_las_per_type":{
    "advmod":{
      "p":0.8608935974,
      "r":0.8666151468,
      "f":0.8637448972
    },
    "root":{
      "p":0.9555242176,
      "r":0.9543853947,
      "f":0.9549544666
    },
    "nsubj":{
      "p":0.8992155603,
      "r":0.9087200408,
      "f":0.9039428176
    },
    "case":{
      "p":0.9829335667,
      "r":0.9862243078,
      "f":0.9845761876
    },
    "nummod":{
      "p":0.9834254144,
      "r":0.9863317325,
      "f":0.9848764294
    },
    "nmod":{
      "p":0.8300059663,
      "r":0.8726597182,
      "f":0.8507985793
    },
    "cc":{
      "p":0.9474842306,
      "r":0.9473452625,
      "f":0.9474147415
    },
    "conj":{
      "p":0.8029919448,
      "r":0.7921443978,
      "f":0.7975312875
    },
    "flat:name":{
      "p":0.7988338192,
      "r":0.8518653987,
      "f":0.8244977432
    },
    "det":{
      "p":0.9889590308,
      "r":0.9924848671,
      "f":0.990718812
    },
    "amod":{
      "p":0.9733108659,
      "r":0.9801302753,
      "f":0.9767086674
    },
    "obl":{
      "p":0.8519732222,
      "r":0.8390502536,
      "f":0.8454623586
    },
    "obj":{
      "p":0.8764586682,
      "r":0.8114770007,
      "f":0.8427170116
    },
    "appos":{
      "p":0.6506214689,
      "r":0.6195394878,
      "f":0.6347001764
    },
    "cop":{
      "p":0.817028244,
      "r":0.8570201803,
      "f":0.8365465214
    },
    "acl":{
      "p":0.624,
      "r":0.5974722329,
      "f":0.6104480532
    },
    "iobj":{
      "p":0.7549295775,
      "r":0.4534686971,
      "f":0.5665961945
    },
    "flat":{
      "p":0.7,
      "r":0.7691764706,
      "f":0.7329596413
    },
    "det:poss":{
      "p":0.0,
      "r":0.0,
      "f":0.0
    },
    "nmod:poss":{
      "p":0.0,
      "r":0.0,
      "f":0.0
    },
    "parataxis":{
      "p":0.8204924543,
      "r":0.7861491629,
      "f":0.8029537505
    },
    "aux":{
      "p":0.9739386792,
      "r":0.9707334274,
      "f":0.9723334118
    },
    "nsubj:pass":{
      "p":0.9137254902,
      "r":0.9115805947,
      "f":0.9126517822
    },
    "aux:pass":{
      "p":0.94658342,
      "r":0.956201822,
      "f":0.951368311
    },
    "mark":{
      "p":0.9628681178,
      "r":0.9461102957,
      "f":0.9544156531
    },
    "advcl":{
      "p":0.7279855247,
      "r":0.6731734523,
      "f":0.6995073892
    },
    "csubj":{
      "p":0.8115079365,
      "r":0.7076124567,
      "f":0.7560073937
    },
    "xcomp":{
      "p":0.7692678227,
      "r":0.7473093121,
      "f":0.7581295989
    },
    "compound:prt":{
      "p":0.9619697708,
      "r":0.9467370441,
      "f":0.9542926239
    },
    "ccomp":{
      "p":0.6592505855,
      "r":0.7199488491,
      "f":0.6882640587
    },
    "expl:pv":{
      "p":0.7876106195,
      "r":0.9227144204,
      "f":0.8498263889
    },
    "expl":{
      "p":0.7146974063,
      "r":0.8104575163,
      "f":0.7595712098
    },
    "csubj:pass":{
      "p":0.8064516129,
      "r":0.6696428571,
      "f":0.7317073171
    },
    "dep":{
      "p":0.0,
      "r":0.0,
      "f":0.0
    },
    "reparandum":{
      "p":0.0,
      "r":0.0,
      "f":0.0
    },
    "discourse":{
      "p":0.0,
      "r":0.0,
      "f":0.0
    }
  },
  "speed":2204.8127780415
}