{
  "token_acc":0.9992229695,
  "token_p":0.9915293069,
  "token_r":0.9935875565,
  "token_f":0.9925573647,
  "tag_acc":0.8821931893,
  "pos_acc":0.8999631202,
  "morph_acc":0.8112318366,
  "morph_micro_p":0.9086385204,
  "morph_micro_r":0.9010088264,
  "morph_micro_f":0.9048075895,
  "morph_per_feat":{
    "Gender":{
      "p":0.8818155137,
      "r":0.8751785312,
      "f":0.8784844869
    },
    "Number":{
      "p":0.9131168642,
      "r":0.8973978006,
      "f":0.9051890952
    },
    "Person":{
      "p":0.8732855558,
      "r":0.9811355954,
      "f":0.9240743864
    },
    "AdpType":{
      "p":0.9922889749,
      "r":0.9926631925,
      "f":0.9924760485
    },
    "Case":{
      "p":0.9338504633,
      "r":0.924581476,
      "f":0.929192855
    },
    "PronType":{
      "p":0.9871415323,
      "r":0.9813137133,
      "f":0.9842189959
    },
    "Mood":{
      "p":0.9613245376,
      "r":0.8835697868,
      "f":0.9208086398
    },
    "Tense":{
      "p":0.9406488134,
      "r":0.8594732235,
      "f":0.8982307324
    },
    "VerbForm":{
      "p":0.9575989621,
      "r":0.8104279364,
      "f":0.8778881717
    },
    "Degree":{
      "p":0.9542003942,
      "r":0.871619033,
      "f":0.9110421464
    },
    "PunctType":{
      "p":0.997995992,
      "r":0.6987788034,
      "f":0.8220047197
    },
    "Aspect":{
      "p":0.96272838,
      "r":0.6583374979,
      "f":0.7819548872
    },
    "NumType":{
      "p":0.9354304636,
      "r":0.9049652963,
      "f":0.9199457259
    },
    "ConjType":{
      "p":0.9765155653,
      "r":0.9685807151,
      "f":0.9725319554
    },
    "Variant":{
      "p":0.9017112148,
      "r":0.8686648501,
      "f":0.8848796059
    },
    "Polarity":{
      "p":1.0,
      "r":0.9404296875,
      "f":0.9693004529
    },
    "Poss":{
      "p":0.9863179074,
      "r":0.9943204868,
      "f":0.9903030303
    },
    "Reflex":{
      "p":0.9965517241,
      "r":0.963792282,
      "f":0.9798982805
    },
    "PartType":{
      "p":0.9803088803,
      "r":0.8182404125,
      "f":0.8919725979
    },
    "VerbType":{
      "p":0.9989023052,
      "r":0.8803611738,
      "f":0.9358930408
    },
    "Foreign":{
      "p":0.1603159207,
      "r":0.6703360371,
      "f":0.2587498602
    },
    "Hyph":{
      "p":0.4407443683,
      "r":0.8771929825,
      "f":0.5867014342
    },
    "Definite":{
      "p":0.0,
      "r":0.0,
      "f":0.0
    }
  },
  "lemma_acc":0.7444795858,
  "sents_p":0.7416310442,
  "sents_r":0.7985056784,
  "sents_f":0.7690182195,
  "dep_uas":0.8165080085,
  "dep_las":0.7784323471,
  "dep_las_per_type":{
    "root":{
      "p":0.7492359838,
      "r":0.8056883365,
      "f":0.7764373938
    },
    "case":{
      "p":0.9441946233,
      "r":0.9531367362,
      "f":0.9486446077
    },
    "nmod":{
      "p":0.6531068395,
      "r":0.8391728891,
      "f":0.7345399698
    },
    "amod":{
      "p":0.961454201,
      "r":0.9393185631,
      "f":0.9502574906
    },
    "obl":{
      "p":0.6801422042,
      "r":0.715690466,
      "f":0.6974636738
    },
    "det":{
      "p":0.9636132453,
      "r":0.9713919494,
      "f":0.9674869622
    },
    "nsubj":{
      "p":0.712686242,
      "r":0.7854330709,
      "f":0.7472934082
    },
    "obj":{
      "p":0.6234362852,
      "r":0.681316135,
      "f":0.6510924122
    },
    "acl":{
      "p":0.5245901639,
      "r":0.3903799233,
      "f":0.4476418865
    },
    "aux:pass":{
      "p":0.8965092402,
      "r":0.7113066145,
      "f":0.7932412791
    },
    "mark":{
      "p":0.8695749944,
      "r":0.790797546,
      "f":0.8283174467
    },
    "advcl":{
      "p":0.4791804362,
      "r":0.4066180595,
      "f":0.4399271845
    },
    "aux":{
      "p":0.8693181818,
      "r":0.7361668003,
      "f":0.7972210161
    },
    "flat:name":{
      "p":0.6183600905,
      "r":0.8597752809,
      "f":0.7193532214
    },
    "parataxis":{
      "p":0.5605419136,
      "r":0.3042279412,
      "f":0.3943997617
    },
    "cc":{
      "p":0.8654092892,
      "r":0.8604413828,
      "f":0.8629181859
    },
    "nummod":{
      "p":0.9309511016,
      "r":0.9190981432,
      "f":0.9249866524
    },
    "conj":{
      "p":0.5049015636,
      "r":0.570748237,
      "f":0.5358094747
    },
    "advmod":{
      "p":0.7471316363,
      "r":0.7604855588,
      "f":0.7537494555
    },
    "nsubj:pass":{
      "p":0.8562152134,
      "r":0.6562388909,
      "f":0.7430066412
    },
    "xcomp":{
      "p":0.5836044242,
      "r":0.4080982712,
      "f":0.4803212851
    },
    "ccomp":{
      "p":0.5106796117,
      "r":0.4262560778,
      "f":0.464664311
    },
    "compound:prt":{
      "p":0.9269746647,
      "r":0.7613219094,
      "f":0.8360215054
    },
    "cop":{
      "p":0.6754385965,
      "r":0.7785388128,
      "f":0.7233333333
    },
    "appos":{
      "p":0.3223268231,
      "r":0.3798013245,
      "f":0.3487117124
    },
    "flat":{
      "p":0.3944444444,
      "r":0.4939130435,
      "f":0.4386100386
    },
    "iobj":{
      "p":0.5907534247,
      "r":0.4852320675,
      "f":0.5328185328
    },
    "expl:pv":{
      "p":0.7002724796,
      "r":0.4995140914,
      "f":0.5830969938
    },
    "csubj":{
      "p":0.5755813953,
      "r":0.375,
      "f":0.4541284404
    },
    "expl":{
      "p":0.531496063,
      "r":0.3781512605,
      "f":0.441898527
    },
    "reparandum":{
      "p":0.0,
      "r":0.0,
      "f":0.0
    },
    "csubj:pass":{
      "p":0.7,
      "r":0.1609195402,
      "f":0.261682243
    },
    "dep":{
      "p":0.0,
      "r":0.0,
      "f":0.0
    },
    "discourse":{
      "p":0.0,
      "r":0.0,
      "f":0.0
    }
  },
  "speed":630.1020698613
}