{
  "token_acc":1.0,
  "token_p":0.9939969282,
  "token_r":0.9978022989,
  "token_f":0.9958959784,
  "tag_acc":0.9763411798,
  "pos_acc":0.9814849431,
  "morph_acc":0.9139423055,
  "morph_micro_p":0.9652083901,
  "morph_micro_r":0.9634866596,
  "morph_micro_f":0.9643467564,
  "morph_per_feat":{
    "Mood":{
      "p":0.9768143187,
      "r":0.9701649292,
      "f":0.9734782694
    },
    "Number":{
      "p":0.9623753726,
      "r":0.9686423367,
      "f":0.9654986852
    },
    "Person":{
      "p":0.9933218364,
      "r":0.9912606232,
      "f":0.9922901594
    },
    "VerbForm":{
      "p":0.9629453919,
      "r":0.9632580677,
      "f":0.9631017044
    },
    "NumType":{
      "p":0.9874292029,
      "r":0.9951273841,
      "f":0.9912633477
    },
    "AdpType":{
      "p":0.9984480529,
      "r":0.9971584386,
      "f":0.997802829
    },
    "Gender":{
      "p":0.9433591722,
      "r":0.9287752442,
      "f":0.9360104038
    },
    "PunctType":{
      "p":0.9999476275,
      "r":0.9999738131,
      "f":0.9999607201
    },
    "Case":{
      "p":0.9261821781,
      "r":0.9247138033,
      "f":0.9254474083
    },
    "PronType":{
      "p":0.9938174481,
      "r":0.9936703004,
      "f":0.9937438688
    },
    "Degree":{
      "p":0.9577267963,
      "r":0.9578011569,
      "f":0.9577639752
    },
    "Definite":{
      "p":0.9998152937,
      "r":1.0,
      "f":0.9999076383
    },
    "Poss":{
      "p":0.9994612069,
      "r":0.9978483055,
      "f":0.998654105
    },
    "Foreign":{
      "p":0.8375808292,
      "r":0.7151672621,
      "f":0.7715487036
    },
    "VerbType":{
      "p":0.9993868792,
      "r":1.0,
      "f":0.9996933456
    },
    "Aspect":{
      "p":0.9478126076,
      "r":0.9578764143,
      "f":0.9528179378
    },
    "Tense":{
      "p":0.916375623,
      "r":0.9438202247,
      "f":0.9298954704
    },
    "Variant":{
      "p":0.9644462607,
      "r":0.9676096761,
      "f":0.9660253786
    },
    "ConjType":{
      "p":0.9954751131,
      "r":0.9831181728,
      "f":0.9892580565
    },
    "Reflex":{
      "p":0.999535316,
      "r":0.9972183588,
      "f":0.9983754932
    },
    "Hyph":{
      "p":0.9312602291,
      "r":0.9644067797,
      "f":0.9475437136
    },
    "Polarity":{
      "p":1.0,
      "r":1.0,
      "f":1.0
    },
    "PartType":{
      "p":0.9904090268,
      "r":0.9512327283,
      "f":0.9704256495
    }
  },
  "lemma_acc":0.939825126,
  "sents_p":0.9627160895,
  "sents_r":0.9624031638,
  "sents_f":0.9625596012,
  "dep_uas":0.9458281272,
  "dep_las":0.9219757267,
  "dep_las_per_type":{
    "advmod":{
      "p":0.8759919871,
      "r":0.8786321484,
      "f":0.8773100814
    },
    "root":{
      "p":0.9686450774,
      "r":0.9690124059,
      "f":0.9688287068
    },
    "nsubj":{
      "p":0.9206039721,
      "r":0.9412173752,
      "f":0.9307965616
    },
    "case":{
      "p":0.987962379,
      "r":0.988721495,
      "f":0.9883417912
    },
    "nummod":{
      "p":0.9892353378,
      "r":0.9844846694,
      "f":0.9868542862
    },
    "nmod":{
      "p":0.8689876101,
      "r":0.8900791353,
      "f":0.8794069271
    },
    "cc":{
      "p":0.9540128881,
      "r":0.9554121443,
      "f":0.9547120035
    },
    "conj":{
      "p":0.8235563703,
      "r":0.8159836531,
      "f":0.8197525232
    },
    "flat:name":{
      "p":0.8240013371,
      "r":0.9016093636,
      "f":0.8610601694
    },
    "det":{
      "p":0.9914641315,
      "r":0.9950497589,
      "f":0.9932537092
    },
    "amod":{
      "p":0.9894840618,
      "r":0.9888882807,
      "f":0.9891860815
    },
    "obl":{
      "p":0.8859919412,
      "r":0.8616874136,
      "f":0.873670679
    },
    "obj":{
      "p":0.8775389857,
      "r":0.8664682668,
      "f":0.8719684886
    },
    "appos":{
      "p":0.6517960603,
      "r":0.7262750161,
      "f":0.6870229008
    },
    "cop":{
      "p":0.8727495908,
      "r":0.9158437097,
      "f":0.8937774984
    },
    "acl":{
      "p":0.6645594627,
      "r":0.6441976254,
      "f":0.6542201478
    },
    "iobj":{
      "p":0.7005649718,
      "r":0.6294416244,
      "f":0.6631016043
    },
    "flat":{
      "p":0.8142002176,
      "r":0.7042352941,
      "f":0.7552359324
    },
    "det:poss":{
      "p":0.0,
      "r":0.0,
      "f":0.0
    },
    "nmod:poss":{
      "p":0.0,
      "r":0.0,
      "f":0.0
    },
    "parataxis":{
      "p":0.8599374022,
      "r":0.8363774734,
      "f":0.8479938272
    },
    "aux":{
      "p":0.9830388693,
      "r":0.9809590973,
      "f":0.9819978821
    },
    "nsubj:pass":{
      "p":0.939005439,
      "r":0.9456181534,
      "f":0.9423001949
    },
    "aux:pass":{
      "p":0.9751313485,
      "r":0.9754730203,
      "f":0.9753021545
    },
    "mark":{
      "p":0.9642331159,
      "r":0.9609981128,
      "f":0.9626128965
    },
    "advcl":{
      "p":0.7927927928,
      "r":0.736196319,
      "f":0.7634470792
    },
    "csubj":{
      "p":0.866962306,
      "r":0.6764705882,
      "f":0.7599611273
    },
    "compound:prt":{
      "p":0.9468855625,
      "r":0.9409788868,
      "f":0.9439229844
    },
    "ccomp":{
      "p":0.7085308057,
      "r":0.7647058824,
      "f":0.7355473555
    },
    "xcomp":{
      "p":0.8301158301,
      "r":0.8048666355,
      "f":0.8172962699
    },
    "expl:pv":{
      "p":0.8543478261,
      "r":0.7408105561,
      "f":0.7935386169
    },
    "dep":{
      "p":0.0,
      "r":0.0,
      "f":0.0
    },
    "expl":{
      "p":0.8214285714,
      "r":0.6764705882,
      "f":0.7419354839
    },
    "csubj:pass":{
      "p":0.9,
      "r":0.4821428571,
      "f":0.6279069767
    },
    "reparandum":{
      "p":0.0,
      "r":0.0,
      "f":0.0
    },
    "discourse":{
      "p":0.0,
      "r":0.0,
      "f":0.0
    }
  },
  "speed":847.3101290265
}