{
  "token_acc":0.9992229695,
  "token_p":0.9915293069,
  "token_r":0.9935875565,
  "token_f":0.9925573647,
  "tag_acc":0.9633891865,
  "pos_acc":0.9815980892,
  "morph_acc":0.933149211,
  "morph_micro_p":0.9629752793,
  "morph_micro_r":0.9766329793,
  "morph_micro_f":0.9697560441,
  "morph_per_feat":{
    "Gender":{
      "p":0.9260047622,
      "r":0.9647072089,
      "f":0.9449598704
    },
    "Number":{
      "p":0.9449454338,
      "r":0.9697772527,
      "f":0.9572003227
    },
    "Person":{
      "p":0.9917726253,
      "r":0.9894857808,
      "f":0.9906278833
    },
    "AdpType":{
      "p":0.9983859336,
      "r":0.9967087219,
      "f":0.9975466227
    },
    "Case":{
      "p":0.9784817962,
      "r":0.9761966249,
      "f":0.9773378748
    },
    "PronType":{
      "p":0.9964116957,
      "r":0.9944508466,
      "f":0.9954303055
    },
    "Mood":{
      "p":0.9943668677,
      "r":0.9933423159,
      "f":0.9938543277
    },
    "Tense":{
      "p":0.9755893597,
      "r":0.9747354182,
      "f":0.975162202
    },
    "VerbForm":{
      "p":0.9929949811,
      "r":0.9907878528,
      "f":0.9918901891
    },
    "Degree":{
      "p":0.9831346793,
      "r":0.9290475826,
      "f":0.9553261897
    },
    "PunctType":{
      "p":0.9894110596,
      "r":0.9771765583,
      "f":0.9832557524
    },
    "Aspect":{
      "p":0.9860480753,
      "r":0.9771780776,
      "f":0.9815930388
    },
    "NumType":{
      "p":0.9737842977,
      "r":0.9568873465,
      "f":0.9652618823
    },
    "ConjType":{
      "p":0.9951113525,
      "r":0.9924160347,
      "f":0.993761866
    },
    "Variant":{
      "p":0.9736986301,
      "r":0.9683923706,
      "f":0.9710382514
    },
    "Polarity":{
      "p":0.9995117188,
      "r":0.9995117188,
      "f":0.9995117188
    },
    "Poss":{
      "p":0.9967585089,
      "r":0.9979716024,
      "f":0.9973646868
    },
    "Reflex":{
      "p":0.9961722488,
      "r":0.9919009052,
      "f":0.9940319885
    },
    "PartType":{
      "p":0.9829307568,
      "r":0.9835642926,
      "f":0.9832474227
    },
    "VerbType":{
      "p":0.9977353607,
      "r":0.9945178975,
      "f":0.996124031
    },
    "Foreign":{
      "p":0.6279669763,
      "r":0.7050984936,
      "f":0.66430131
    },
    "Hyph":{
      "p":0.982630273,
      "r":0.7719298246,
      "f":0.864628821
    },
    "Definite":{
      "p":0.0,
      "r":0.0,
      "f":0.0
    }
  },
  "lemma_acc":0.7645578176,
  "sents_p":0.7762154562,
  "sents_r":0.8579199044,
  "sents_f":0.8150251271,
  "dep_uas":0.9337753905,
  "dep_las":0.9172532125,
  "dep_las_per_type":{
    "root":{
      "p":0.85281105,
      "r":0.9444311663,
      "f":0.8962857953
    },
    "case":{
      "p":0.987383147,
      "r":0.9865125241,
      "f":0.9869476436
    },
    "nmod":{
      "p":0.8940492634,
      "r":0.892303274,
      "f":0.8931754154
    },
    "amod":{
      "p":0.980566191,
      "r":0.9777867762,
      "f":0.9791745112
    },
    "obl":{
      "p":0.901561836,
      "r":0.9069581018,
      "f":0.9042519182
    },
    "det":{
      "p":0.9943393131,
      "r":0.9916275772,
      "f":0.9929815938
    },
    "nsubj":{
      "p":0.9333461947,
      "r":0.9291338583,
      "f":0.931235263
    },
    "obj":{
      "p":0.9124423963,
      "r":0.9022939677,
      "f":0.9073398058
    },
    "acl":{
      "p":0.7619713387,
      "r":0.7598466365,
      "f":0.7609075044
    },
    "aux:pass":{
      "p":0.9820261438,
      "r":0.9791463017,
      "f":0.9805841083
    },
    "mark":{
      "p":0.9651690025,
      "r":0.9576687117,
      "f":0.9614042291
    },
    "advcl":{
      "p":0.7795086878,
      "r":0.729669097,
      "f":0.7537659328
    },
    "aux":{
      "p":0.9796839729,
      "r":0.9744987971,
      "f":0.9770845059
    },
    "flat:name":{
      "p":0.9056079098,
      "r":0.8782022472,
      "f":0.8916945543
    },
    "parataxis":{
      "p":0.7362301102,
      "r":0.5528492647,
      "f":0.631496063
    },
    "cc":{
      "p":0.9607742597,
      "r":0.9561168516,
      "f":0.9584398977
    },
    "nummod":{
      "p":0.9635541367,
      "r":0.9607427056,
      "f":0.9621463674
    },
    "conj":{
      "p":0.7811310495,
      "r":0.7893579998,
      "f":0.7852229764
    },
    "advmod":{
      "p":0.9020083682,
      "r":0.9023859355,
      "f":0.9021971124
    },
    "nsubj:pass":{
      "p":0.9649186257,
      "r":0.9484536082,
      "f":0.9566152743
    },
    "xcomp":{
      "p":0.8602642276,
      "r":0.7702456779,
      "f":0.8127700432
    },
    "ccomp":{
      "p":0.8171919771,
      "r":0.7703943814,
      "f":0.7931034483
    },
    "compound:prt":{
      "p":0.9424939467,
      "r":0.952876377,
      "f":0.9476567255
    },
    "cop":{
      "p":0.9185857931,
      "r":0.9236790607,
      "f":0.9211253862
    },
    "appos":{
      "p":0.6346084446,
      "r":0.5822847682,
      "f":0.6073217061
    },
    "flat":{
      "p":0.6532862814,
      "r":0.6439130435,
      "f":0.6485657981
    },
    "csubj":{
      "p":0.8079096045,
      "r":0.8125,
      "f":0.8101983003
    },
    "expl:pv":{
      "p":0.9172482552,
      "r":0.8940719145,
      "f":0.905511811
    },
    "iobj":{
      "p":0.852897474,
      "r":0.8073136428,
      "f":0.8294797688
    },
    "expl":{
      "p":0.8586666667,
      "r":0.9019607843,
      "f":0.8797814208
    },
    "dep":{
      "p":0.0,
      "r":0.0,
      "f":0.0
    },
    "csubj:pass":{
      "p":0.7865168539,
      "r":0.8045977011,
      "f":0.7954545455
    },
    "discourse":{
      "p":0.0,
      "r":0.0,
      "f":0.0
    }
  },
  "speed":1049.2272803208
}